{"polyfill":["/polyfill-1c9788fca0f90abb50c3.js"],"app":["/app-fe3f3a5cd518a98fdbbf.js"],"component---src-pages-404-js":["/component---src-pages-404-js-3d51b459a80f969a4f66.js"],"component---src-pages-gather-town-js":["/component---src-pages-gather-town-js-20a5b8eb4f529ec02e4a.js"],"component---src-pages-index-js":["/component---src-pages-index-js-05c481cd0b6d2f102bd7.js"],"component---src-pages-organisation-js":["/component---src-pages-organisation-js-d897b29f4c76da418e8b.js"],"component---src-pages-phd-school-js":["/component---src-pages-phd-school-js-342a122469920c419385.js"],"component---src-pages-program-at-a-glance-js":["/component---src-pages-program-at-a-glance-js-f09b822ffe2455eef479.js"],"component---src-pages-program-js":["/component---src-pages-program-js-4c7c4d2e2c5068764a67.js"],"component---src-pages-sponsors-js":["/component---src-pages-sponsors-js-e9c839fba1b21aac6ebf.js"],"component---src-templates-article-js":["/component---src-templates-article-js-7fa23b91346b8acf9bb1.js"]}