{"name":"build-javascript","namedChunkGroups":{"polyfill":{"name":"polyfill","assets":[{"name":"webpack-runtime-0c000c97666f062654bc.js","size":4328},{"name":"polyfill-1c9788fca0f90abb50c3.js","size":85780}],"filteredAssets":0,"assetsSize":90108,"filteredAuxiliaryAssets":0,"auxiliaryAssetsSize":0},"app":{"name":"app","assets":[{"name":"webpack-runtime-0c000c97666f062654bc.js","size":4328},{"name":"framework-4f0c856415019c973f62.js","size":129683},{"name":"styles.dc7d671e4f199ffc46a3.css","size":36787},{"name":"app-fe3f3a5cd518a98fdbbf.js","size":84475}],"filteredAssets":0,"assetsSize":255273,"filteredAuxiliaryAssets":60,"auxiliaryAssetsSize":1227116},"component---src-pages-404-js":{"name":"component---src-pages-404-js","assets":[{"name":"commons-a9f4111621ec11f7dc19.js","size":70904},{"name":"component---src-pages-404-js-3d51b459a80f969a4f66.js","size":694}],"filteredAssets":0,"assetsSize":71598,"filteredAuxiliaryAssets":4,"auxiliaryAssetsSize":80024},"component---src-pages-gather-town-js":{"name":"component---src-pages-gather-town-js","assets":[{"name":"commons-a9f4111621ec11f7dc19.js","size":70904},{"name":"component---src-pages-gather-town-js-20a5b8eb4f529ec02e4a.js","size":5573}],"filteredAssets":0,"assetsSize":76477,"filteredAuxiliaryAssets":4,"auxiliaryAssetsSize":80024},"component---src-pages-index-js":{"name":"component---src-pages-index-js","assets":[{"name":"commons-a9f4111621ec11f7dc19.js","size":70904},{"name":"component---src-pages-index-js-05c481cd0b6d2f102bd7.js","size":18089}],"filteredAssets":0,"assetsSize":88993,"filteredAuxiliaryAssets":4,"auxiliaryAssetsSize":80024},"component---src-pages-organisation-js":{"name":"component---src-pages-organisation-js","assets":[{"name":"commons-a9f4111621ec11f7dc19.js","size":70904},{"name":"component---src-pages-organisation-js-d897b29f4c76da418e8b.js","size":2097}],"filteredAssets":0,"assetsSize":73001,"filteredAuxiliaryAssets":4,"auxiliaryAssetsSize":80024},"component---src-pages-phd-school-js":{"name":"component---src-pages-phd-school-js","assets":[{"name":"commons-a9f4111621ec11f7dc19.js","size":70904},{"name":"component---src-pages-phd-school-js-342a122469920c419385.js","size":6132}],"filteredAssets":0,"assetsSize":77036,"filteredAuxiliaryAssets":4,"auxiliaryAssetsSize":80024},"component---src-pages-program-at-a-glance-js":{"name":"component---src-pages-program-at-a-glance-js","assets":[{"name":"commons-a9f4111621ec11f7dc19.js","size":70904},{"name":"component---src-pages-program-at-a-glance-js-f09b822ffe2455eef479.js","size":24176}],"filteredAssets":0,"assetsSize":95080,"filteredAuxiliaryAssets":4,"auxiliaryAssetsSize":80024},"component---src-pages-program-js":{"name":"component---src-pages-program-js","assets":[{"name":"commons-a9f4111621ec11f7dc19.js","size":70904},{"name":"component---src-pages-program-js-4c7c4d2e2c5068764a67.js","size":266879}],"filteredAssets":0,"assetsSize":337783,"filteredAuxiliaryAssets":4,"auxiliaryAssetsSize":80024},"component---src-pages-sponsors-js":{"name":"component---src-pages-sponsors-js","assets":[{"name":"commons-a9f4111621ec11f7dc19.js","size":70904},{"name":"component---src-pages-sponsors-js-e9c839fba1b21aac6ebf.js","size":8525}],"filteredAssets":0,"assetsSize":79429,"filteredAuxiliaryAssets":4,"auxiliaryAssetsSize":80024},"component---src-templates-article-js":{"name":"component---src-templates-article-js","assets":[{"name":"commons-a9f4111621ec11f7dc19.js","size":70904},{"name":"component---src-templates-article-js-7fa23b91346b8acf9bb1.js","size":979}],"filteredAssets":0,"assetsSize":71883,"filteredAuxiliaryAssets":4,"auxiliaryAssetsSize":80024}},"assetsByChunkName":{"polyfill":["webpack-runtime-0c000c97666f062654bc.js","polyfill-1c9788fca0f90abb50c3.js"],"app":["webpack-runtime-0c000c97666f062654bc.js","framework-4f0c856415019c973f62.js","styles.dc7d671e4f199ffc46a3.css","app-fe3f3a5cd518a98fdbbf.js"],"component---src-pages-404-js":["commons-a9f4111621ec11f7dc19.js","component---src-pages-404-js-3d51b459a80f969a4f66.js"],"component---src-pages-gather-town-js":["commons-a9f4111621ec11f7dc19.js","component---src-pages-gather-town-js-20a5b8eb4f529ec02e4a.js"],"component---src-pages-index-js":["commons-a9f4111621ec11f7dc19.js","component---src-pages-index-js-05c481cd0b6d2f102bd7.js"],"component---src-pages-organisation-js":["commons-a9f4111621ec11f7dc19.js","component---src-pages-organisation-js-d897b29f4c76da418e8b.js"],"component---src-pages-phd-school-js":["commons-a9f4111621ec11f7dc19.js","component---src-pages-phd-school-js-342a122469920c419385.js"],"component---src-pages-program-at-a-glance-js":["commons-a9f4111621ec11f7dc19.js","component---src-pages-program-at-a-glance-js-f09b822ffe2455eef479.js"],"component---src-pages-program-js":["commons-a9f4111621ec11f7dc19.js","component---src-pages-program-js-4c7c4d2e2c5068764a67.js"],"component---src-pages-sponsors-js":["commons-a9f4111621ec11f7dc19.js","component---src-pages-sponsors-js-e9c839fba1b21aac6ebf.js"],"component---src-templates-article-js":["commons-a9f4111621ec11f7dc19.js","component---src-templates-article-js-7fa23b91346b8acf9bb1.js"]},"childAssetsByChunkName":{}}