{"data":{"site":{"buildTime":"2021-12-07","siteMetadata":{"title":"ACM Multimedia Asia 2021","longTitle":"ACM Multimedia Asia 2021 - Gold Coast, Australia","description":"ACM Multimedia Asia Conference (ACM MM Asia) 2021 will be held from 1 to 3 December, 2021 in Gold Coast, Australia. It will be held in a hybrid mode by offering both online and offline events. A live in-person conference with virtual online component will be enabled.","author":{"name":"ACM Multimedia Asia Conference"},"siteUrl":"https://www.acmmmasia.org/2021","thumbnail":"/thumbnail.png"}}}}